Altium Designer Pick and Place Locations
C:\Users\sebas\AppData\Local\TempReleases\Snapshot\1\Fabrication\VRevisionPCBx\JLC Assembly\Pick Place for OST_SmartTrigPi.csv

========================================================================================================================
File Design Information:

Date:       12/06/25
Time:       17:48
Revision:   Not in VersionControl
Variant:    No variations
Units used: mm

"Designator","Center-X(mm)","Center-Y(mm)","Layer","Rotation"
"3V3","121.1200mm","68.7115mm","TopLayer","90"
"5V","114.4200mm","68.7115mm","TopLayer","90"
"Signal1","127.8200mm","68.7114mm","TopLayer","90"
"P3","66.1000mm","78.3100mm","TopLayer","270"
"C20","68.4000mm","90.6000mm","BottomLayer","270"
"D2","122.0000mm","55.0000mm","BottomLayer","90"
"D1","105.8000mm","86.0000mm","TopLayer","270"
"C19","87.0000mm","81.6001mm","BottomLayer","0"
"IC1","86.9668mm","77.5000mm","BottomLayer","270"
"U1","129.6841mm","64.7587mm","BottomLayer","0"
"Buck_GND","117.0000mm","54.5000mm","TopLayer","0"
"Bench_GND","130.4540mm","54.5000mm","TopLayer","0"
"Buck_Out_5V","117.0000mm","60.5000mm","TopLayer","0"
"Bench_In","130.4540mm","60.5000mm","TopLayer","0"
"R11","130.0000mm","59.7227mm","BottomLayer","0"
"R7","130.0000mm","58.0000mm","BottomLayer","180"
"L1","121.8472mm","64.0865mm","BottomLayer","270"
"C18","125.2000mm","64.7847mm","BottomLayer","270"
"C17","126.9227mm","64.7847mm","BottomLayer","270"
"C16","126.0000mm","69.5000mm","BottomLayer","180"
"C15","126.0000mm","67.4726mm","BottomLayer","180"
"C14","119.5000mm","60.2999mm","BottomLayer","180"
"C13","119.5000mm","58.2000mm","BottomLayer","180"
"C12","124.5000mm","60.2000mm","BottomLayer","0"
"C11","124.5000mm","58.2250mm","BottomLayer","0"
"C10","130.0000mm","61.5000mm","BottomLayer","0"
"C9","97.5250mm","61.1167mm","TopLayer","180"
"C8","94.2250mm","61.1167mm","TopLayer","180"
"C7","77.5250mm","60.8500mm","TopLayer","180"
"C6","74.0250mm","60.9500mm","TopLayer","180"
"SW3","90.7500mm","54.4497mm","TopLayer","180"
"R6","93.8500mm","58.9500mm","TopLayer","180"
"SW4","100.7500mm","54.4497mm","TopLayer","180"
"SW2","80.7500mm","54.4497mm","TopLayer","180"
"SW1","70.7500mm","54.4497mm","TopLayer","180"
"R10","97.9000mm","58.9500mm","TopLayer","180"
"R9","77.9000mm","58.9997mm","TopLayer","180"
"R8","73.6500mm","59.0998mm","TopLayer","180"
"C5","102.4000mm","86.0000mm","BottomLayer","90"
"C4","88.3921mm","84.2997mm","BottomLayer","0"
"C3","88.5000mm","86.0000mm","BottomLayer","180"
"C2","88.5000mm","73.5000mm","BottomLayer","0"
"C1","88.5000mm","71.7500mm","BottomLayer","180"
"R4","57.0000mm","86.5000mm","BottomLayer","0"
"R5","57.0000mm","60.0000mm","BottomLayer","0"
"IC2","92.0000mm","79.0000mm","BottomLayer","270"
"J1","82.5000mm","102.5000mm","TopLayer","0"
"J2","57.0000mm","91.0000mm","TopLayer","270"
"J3","56.9000mm","64.5000mm","TopLayer","270"
"P1","114.4523mm","77.9000mm","TopLayer","180"
"P2","114.4523mm","91.7543mm","TopLayer","180"
"R1","125.6000mm","65.8000mm","TopLayer","0"
"R2","117.2000mm","65.7000mm","TopLayer","0"
"R3","110.6000mm","65.7000mm","TopLayer","0"
